{"cameraMode":{"drawMode":0,"name":"Shaded","section":"Shading Mode"},"sceneLighting":false,"audioPlay":false,"sceneViewState":{"showFog":true,"showMaterialUpdate":false,"showSkybox":false,"showFlares":true,"showImageEffects":true,"showParticleSystems":true},"in2DMode":false,"pivot":{"x":4.1870222091674809,"y":3.897001266479492,"z":9.036789894104004},"rotation":{"x":-0.12988293170928956,"y":0.7747029662132263,"z":-0.16902141273021699,"w":-0.5953131318092346},"size":6.303215980529785,"orthographic":false}